GEOID,County,Year,Total,Preschool,School Age,College Age,Young Adult,Older Adult,Seniors,Square_Miles
18001,Adams County,2010,"34,387","3,186","8,510","1,962","7,880","8,099","4,750",339.03
18001,Adams County,2015,"34,967","3,283","8,519","2,174","7,764","8,131","5,096",339.03
18001,Adams County,2020,"35,508","3,180","8,804","1,969","7,914","7,897","5,744",339.03
18001,Adams County,2025,"36,078","3,056","9,069","1,947","7,876","7,495","6,635",339.03
18001,Adams County,2030,"36,537","3,078","9,062","2,062","7,798","7,222","7,315",339.03
18001,Adams County,2035,"36,896","3,126","8,942","2,183","7,873","7,133","7,639",339.03
18001,Adams County,2040,"37,344","3,222","8,910","2,200","7,931","7,287","7,794",339.03
18001,Adams County,2045,"37,822","3,295","9,082","2,143","8,220","7,262","7,820",339.03
18001,Adams County,2050,"38,306","3,343","9,305","2,165","8,421","7,228","7,844",339.03
18003,Allen County,2010,"355,329","26,524","79,545","23,380","92,609","91,134","42,137",657.31
18003,Allen County,2015,"368,040","26,456","78,879","25,116","95,452","92,708","49,429",657.31
18003,Allen County,2020,"379,671","26,858","79,774","23,683","99,621","91,332","58,403",657.31
18003,Allen County,2025,"392,245","29,088","80,893","23,818","101,124","88,849","68,473",657.31
18003,Allen County,2030,"402,948","29,039","83,547","24,251","102,330","87,719","76,062",657.31
18003,Allen County,2035,"411,566","28,857","86,254","24,091","102,151","90,453","79,760",657.31
18003,Allen County,2040,"419,283","28,736","88,240","24,786","101,361","94,060","82,100",657.31
18003,Allen County,2045,"426,351","29,079","87,881","27,034","103,164","95,449","83,744",657.31
18003,Allen County,2050,"433,735","29,854","87,962","26,952","106,562","96,855","85,550",657.31
18005,Bartholomew County,2010,"76,794","5,231","16,017","4,175","20,244","20,396","10,731",406.91
18005,Bartholomew County,2015,"81,011","5,391","15,671","5,233","21,720","20,717","12,279",406.91
18005,Bartholomew County,2020,"84,572","5,776","16,102","4,411","23,527","20,807","13,949",406.91
18005,Bartholomew County,2025,"86,892","6,063","16,762","4,302","23,670","20,451","15,644",406.91
18005,Bartholomew County,2030,"88,461","5,844","17,465","4,500","23,188","20,478","16,986",406.91
18005,Bartholomew County,2035,"89,567","5,806","17,840","4,595","22,005","21,667","17,654",406.91
18005,Bartholomew County,2040,"90,533","5,838","17,844","4,931","20,779","22,984","18,157",406.91
18005,Bartholomew County,2045,"91,539","6,020","17,616","5,220","21,325","22,975","18,383",406.91
18005,Bartholomew County,2050,"92,555","6,093","17,803","5,029","22,271","22,470","18,889",406.91
18007,Benton County,2010,"8,854",617,"1,890",408,"2,100","2,445","1,394",406.42
18007,Benton County,2015,"8,674",543,"1,856",495,"1,953","2,416","1,411",406.42
18007,Benton County,2020,"8,507",580,"1,753",386,"1,985","2,285","1,518",406.42
18007,Benton County,2025,"8,440",662,"1,700",348,"1,915","2,088","1,727",406.42
18007,Benton County,2030,"8,299",600,"1,775",330,"1,767","1,955","1,872",406.42
18007,Benton County,2035,"8,071",513,"1,834",306,"1,681","1,812","1,925",406.42
18007,Benton County,2040,"7,767",471,"1,758",336,"1,492","1,838","1,872",406.42
18007,Benton County,2045,"7,442",472,"1,567",393,"1,445","1,774","1,791",406.42
18007,Benton County,2050,"7,229",545,"1,444",357,"1,494","1,641","1,748",406.42
18009,Blackford County,2010,"12,766",759,"2,476",666,"2,890","3,707","2,268",165.08
18009,Blackford County,2015,"12,287",750,"2,253",688,"2,642","3,464","2,490",165.08
18009,Blackford County,2020,"11,759",707,"2,150",555,"2,491","3,198","2,658",165.08
18009,Blackford County,2025,"11,210",663,"2,091",481,"2,361","2,805","2,809",165.08
18009,Blackford County,2030,"10,592",594,"1,975",497,"2,184","2,488","2,854",165.08
18009,Blackford County,2035,"9,982",577,"1,832",478,"2,051","2,312","2,732",165.08
18009,Blackford County,2040,"9,439",583,"1,719",458,"1,880","2,196","2,603",165.08
18009,Blackford County,2045,"8,938",563,"1,651",439,"1,809","2,086","2,390",165.08
18009,Blackford County,2050,"8,453",521,"1,622",396,"1,769","1,943","2,202",165.08
18011,Boone County,2010,"56,640","3,925","13,283","2,355","14,284","16,149","6,644",422.91
18011,Boone County,2015,"63,400","4,303","14,214","3,482","15,927","17,369","8,105",422.91
18011,Boone County,2020,"70,556","4,805","15,325","3,618","18,852","18,109","9,847",422.91
18011,Boone County,2025,"77,632","5,719","16,651","3,218","21,174","18,790","12,080",422.91
18011,Boone County,2030,"83,749","5,942","18,373","3,306","21,789","20,262","14,077",422.91
18011,Boone County,2035,"88,634","5,678","19,971","3,409","22,221","21,906","15,449",422.91
18011,Boone County,2040,"92,011","5,470","20,639","3,628","20,761","24,846","16,667",422.91
18011,Boone County,2045,"94,916","5,794","20,077","4,250","19,953","26,852","17,990",422.91
18011,Boone County,2050,"97,944","6,168","19,759","4,318","20,968","26,752","19,979",422.91
18013,Brown County,2010,"15,242",777,"2,709",586,"3,125","5,425","2,620",311.98
18013,Brown County,2015,"14,919",626,"2,492",764,"2,907","4,859","3,271",311.98
18013,Brown County,2020,"14,631",568,"2,331",594,"2,944","4,402","3,792",311.98
18013,Brown County,2025,"14,490",662,"2,126",553,"2,920","3,941","4,288",311.98
18013,Brown County,2030,"14,171",624,"2,062",540,"2,860","3,576","4,509",311.98
18013,Brown County,2035,"13,742",583,"2,085",468,"2,783","3,305","4,518",311.98
18013,Brown County,2040,"13,217",544,"2,092",451,"2,451","3,311","4,368",311.98
18013,Brown County,2045,"12,634",518,"1,955",532,"2,305","3,256","4,068",311.98
18013,Brown County,2050,"12,094",505,"1,835",499,"2,267","3,192","3,796",311.98
18015,Carroll County,2010,"20,155","1,222","4,258",955,"4,670","5,868","3,182",372.22
18015,Carroll County,2015,"19,890","1,104","3,861","1,117","4,502","5,703","3,603",372.22
18015,Carroll County,2020,"19,509","1,010","3,592",947,"4,532","5,423","4,005",372.22
18015,Carroll County,2025,"19,263","1,098","3,351",861,"4,486","4,962","4,505",372.22
18015,Carroll County,2030,"18,961","1,047","3,274",833,"4,398","4,555","4,854",372.22
18015,Carroll County,2035,"18,578",975,"3,267",763,"4,179","4,454","4,940",372.22
18015,Carroll County,2040,"18,115",903,"3,248",735,"3,757","4,484","4,988",372.22
18015,Carroll County,2045,"17,537",861,"3,051",821,"3,517","4,416","4,871",372.22
18015,Carroll County,2050,"16,959",843,"2,862",789,"3,453","4,329","4,683",372.22
18017,Cass County,2010,"38,966","2,662","8,424","2,070","9,530","10,406","5,874",412.16
18017,Cass County,2015,"38,078","2,399","7,588","2,326","9,042","10,415","6,308",412.16
18017,Cass County,2020,"37,195","2,434","7,039","1,929","8,878","10,040","6,875",412.16
18017,Cass County,2025,"36,532","2,466","7,049","1,664","8,419","9,212","7,722",412.16
18017,Cass County,2030,"35,642","2,266","7,162","1,641","7,908","8,425","8,240",412.16
18017,Cass County,2035,"34,633","2,181","7,140","1,610","7,507","7,878","8,317",412.16
18017,Cass County,2040,"33,581","2,133","6,894","1,738","6,876","7,741","8,199",412.16
18017,Cass County,2045,"32,583","2,178","6,566","1,786","6,743","7,353","7,957",412.16
18017,Cass County,2050,"31,710","2,177","6,483","1,645","6,876","6,928","7,601",412.16
18019,Clark County,2010,"110,232","7,266","21,497","6,361","30,803","30,250","14,055",372.86
18019,Clark County,2015,"115,090","7,361","21,422","6,855","31,678","30,965","16,809",372.86
18019,Clark County,2020,"119,944","7,524","22,138","6,579","32,461","31,527","19,715",372.86
18019,Clark County,2025,"124,984","7,771","23,260","6,733","32,792","31,545","22,883",372.86
18019,Clark County,2030,"129,070","7,752","23,984","7,272","32,878","31,868","25,316",372.86
18019,Clark County,2035,"132,487","7,916","24,426","7,478","33,260","32,961","26,446",372.86
18019,Clark County,2040,"135,826","8,144","24,778","7,780","33,797","33,754","27,573",372.86
18019,Clark County,2045,"139,106","8,386","25,136","8,061","35,211","33,896","28,416",372.86
18019,Clark County,2050,"142,379","8,575","25,794","8,010","36,666","33,968","29,366",372.86
18021,Clay County,2010,"26,890","1,568","5,558","1,536","6,639","7,538","4,051",357.54
18021,Clay County,2015,"26,485","1,606","5,065","1,550","6,404","7,375","4,485",357.54
18021,Clay County,2020,"26,382","1,662","4,924","1,381","6,336","7,083","4,996",357.54
18021,Clay County,2025,"26,387","1,596","4,978","1,358","6,178","6,664","5,613",357.54
18021,Clay County,2030,"26,246","1,512","5,019","1,321","5,972","6,385","6,037",357.54
18021,Clay County,2035,"25,886","1,445","4,897","1,379","5,645","6,391","6,129",357.54
18021,Clay County,2040,"25,504","1,453","4,667","1,433","5,440","6,395","6,116",357.54
18021,Clay County,2045,"25,098","1,445","4,517","1,381","5,520","6,201","6,034",357.54
18021,Clay County,2050,"24,735","1,434","4,451","1,309","5,548","6,003","5,990",357.54
18023,Clinton County,2010,"33,224","2,505","7,183","1,933","8,118","8,709","4,776",405.07
18023,Clinton County,2015,"32,567","2,218","7,028","1,863","7,683","8,527","5,248",405.07
18023,Clinton County,2020,"32,128","2,292","6,786","1,716","7,373","8,135","5,826",405.07
18023,Clinton County,2025,"31,766","2,310","6,628","1,740","7,190","7,543","6,355",405.07
18023,Clinton County,2030,"31,388","2,275","6,550","1,719","7,116","6,981","6,747",405.07
18023,Clinton County,2035,"30,971","2,251","6,634","1,563","6,941","6,807","6,775",405.07
18023,Clinton County,2040,"30,501","2,187","6,602","1,663","6,689","6,626","6,734",405.07
18023,Clinton County,2045,"29,994","2,148","6,487","1,700","6,682","6,471","6,506",405.07
18023,Clinton County,2050,"29,530","2,142","6,370","1,675","6,642","6,443","6,258",405.07
18025,Crawford County,2010,"10,713",652,"2,123",573,"2,442","3,315","1,608",305.64
18025,Crawford County,2015,"10,510",560,"1,961",570,"2,378","3,151","1,890",305.64
18025,Crawford County,2020,"10,330",563,"1,848",483,"2,289","3,010","2,137",305.64
18025,Crawford County,2025,"10,141",523,"1,821",440,"2,207","2,780","2,370",305.64
18025,Crawford County,2030,"9,867",501,"1,747",447,"2,139","2,506","2,527",305.64
18025,Crawford County,2035,"9,518",467,"1,693",416,"1,986","2,501","2,455",305.64
18025,Crawford County,2040,"9,190",494,"1,589",435,"1,821","2,440","2,411",305.64
18025,Crawford County,2045,"8,856",466,"1,559",405,"1,776","2,341","2,309",305.64
18025,Crawford County,2050,"8,536",444,"1,522",391,"1,740","2,263","2,176",305.64
18027,Daviess County,2010,"31,648","2,672","7,295","1,965","7,301","7,954","4,461",429.49
18027,Daviess County,2015,"32,836","2,677","7,670","2,041","7,708","7,906","4,834",429.49
18027,Daviess County,2020,"33,951","2,722","8,013","1,980","8,118","7,781","5,337",429.49
18027,Daviess County,2025,"35,244","2,936","8,208","2,095","8,381","7,564","6,060",429.49
18027,Daviess County,2030,"36,469","3,014","8,487","2,206","8,616","7,447","6,699",429.49
18027,Daviess County,2035,"37,684","3,130","8,846","2,211","8,772","7,841","6,884",429.49
18027,Daviess County,2040,"38,910","3,179","9,256","2,288","8,959","8,227","7,001",429.49
18027,Daviess County,2045,"40,131","3,259","9,508","2,496","9,333","8,475","7,060",429.49
18027,Daviess County,2050,"41,444","3,407","9,757","2,559","9,748","8,741","7,232",429.49
18029,Dearborn County,2010,"50,047","3,096","10,623","2,592","12,287","14,882","6,567",305.03
18029,Dearborn County,2015,"49,475","2,660","9,920","2,855","11,412","14,783","7,845",305.03
18029,Dearborn County,2020,"49,589","2,755","9,163","2,555","11,502","14,237","9,377",305.03
18029,Dearborn County,2025,"50,830","3,197","8,821","2,344","11,775","13,500","11,193",305.03
18029,Dearborn County,2030,"51,753","3,127","9,243","2,151","11,866","12,570","12,796",305.03
18029,Dearborn County,2035,"52,145","2,953","9,823","2,009","11,539","12,200","13,621",305.03
18029,Dearborn County,2040,"51,989","2,748","10,010","2,170","10,621","12,585","13,855",305.03
18029,Dearborn County,2045,"51,445","2,696","9,520","2,541","10,174","12,802","13,712",305.03
18029,Dearborn County,2050,"50,951","2,790","9,055","2,487","10,320","12,851","13,448",305.03
18031,Decatur County,2010,"25,740","1,676","5,493","1,375","6,441","7,038","3,717",372.57
18031,Decatur County,2015,"26,393","1,679","5,391","1,590","6,400","7,165","4,168",372.57
18031,Decatur County,2020,"27,006","1,785","5,292","1,542","6,513","7,125","4,749",372.57
18031,Decatur County,2025,"27,494","1,889","5,256","1,483","6,566","6,812","5,488",372.57
18031,Decatur County,2030,"27,785","1,804","5,407","1,412","6,600","6,459","6,103",372.57
18031,Decatur County,2035,"27,853","1,711","5,500","1,390","6,445","6,512","6,295",372.57
18031,Decatur County,2040,"27,766","1,641","5,420","1,468","6,160","6,650","6,427",372.57
18031,Decatur County,2045,"27,614","1,649","5,174","1,571","6,116","6,692","6,412",372.57
18031,Decatur County,2050,"27,516","1,695","5,026","1,501","6,208","6,747","6,339",372.57
18033,DeKalb County,2010,"42,223","2,838","9,406","2,317","10,500","11,622","5,540",362.82
18033,DeKalb County,2015,"42,557","2,637","8,923","2,647","10,149","11,784","6,417",362.82
18033,DeKalb County,2020,"43,060","2,770","8,325","2,513","10,372","11,517","7,563",362.82
18033,DeKalb County,2025,"43,659","2,751","8,105","2,313","10,574","10,935","8,981",362.82
18033,DeKalb County,2030,"44,032","2,718","8,104","2,125","10,687","10,127","10,271",362.82
18033,DeKalb County,2035,"44,044","2,597","8,268","1,946","10,402","9,959","10,872",362.82
18033,DeKalb County,2040,"43,689","2,465","8,146","2,115","9,627","10,242","11,094",362.82
18033,DeKalb County,2045,"43,088","2,360","7,873","2,143","9,196","10,459","11,057",362.82
18033,DeKalb County,2050,"42,446","2,364","7,519","2,129","8,993","10,587","10,854",362.82
18035,Delaware County,2010,"117,671","6,365","24,025","15,832","25,801","28,371","17,277",392.12
18035,Delaware County,2015,"116,019","6,036","22,174","16,557","24,966","27,351","18,935",392.12
18035,Delaware County,2020,"114,142","5,936","21,460","15,054","25,207","26,098","20,387",392.12
18035,Delaware County,2025,"112,698","5,836","21,283","14,321","25,327","24,066","21,865",392.12
18035,Delaware County,2030,"111,634","5,926","21,357","14,017","25,077","22,561","22,696",392.12
18035,Delaware County,2035,"110,622","5,717","21,533","14,137","24,339","22,127","22,769",392.12
18035,Delaware County,2040,"109,620","5,670","21,454","14,358","23,481","22,380","22,277",392.12
18035,Delaware County,2045,"108,795","5,613","21,576","14,418","23,276","22,577","21,335",392.12
18035,Delaware County,2050,"108,135","5,538","21,301","14,883","23,295","22,440","20,678",392.12
18037,Dubois County,2010,"41,889","2,745","8,823","2,021","10,319","11,902","6,079",427.27
18037,Dubois County,2015,"42,421","2,711","8,473","2,566","9,639","12,072","6,960",427.27
18037,Dubois County,2020,"43,133","2,869","8,106","2,527","10,076","11,521","8,034",427.27
18037,Dubois County,2025,"44,179","3,116","8,196","2,106","10,604","10,737","9,420",427.27
18037,Dubois County,2030,"45,218","3,282","8,745","1,841","10,632","10,060","10,658",427.27
18037,Dubois County,2035,"45,797","3,106","9,428","1,801","10,562","9,696","11,204",427.27
18037,Dubois County,2040,"45,821","2,854","9,717","1,906","9,800","10,367","11,177",427.27
18037,Dubois County,2045,"45,386","2,660","9,454","2,104","9,125","11,009","11,034",427.27
18037,Dubois County,2050,"44,879","2,673","8,821","2,229","9,110","11,085","10,961",427.27
18039,Elkhart County,2010,"197,559","16,039","45,438","12,301","51,250","48,569","23,962",463.17
18039,Elkhart County,2015,"203,284","15,410","46,441","13,293","50,703","49,685","27,752",463.17
18039,Elkhart County,2020,"209,690","16,041","46,926","12,844","52,065","49,565","32,249",463.17
18039,Elkhart County,2025,"216,828","17,165","47,565","12,778","53,135","48,928","37,257",463.17
18039,Elkhart County,2030,"223,392","17,558","48,649","13,300","54,150","47,939","41,796",463.17
18039,Elkhart County,2035,"229,379","17,840","50,762","12,724","55,441","47,941","44,671",463.17
18039,Elkhart County,2040,"234,936","17,963","52,538","13,339","55,414","49,157","46,525",463.17
18039,Elkhart County,2045,"240,040","18,120","53,349","14,393","56,321","50,218","47,639",463.17
18039,Elkhart County,2050,"245,215","18,647","53,942","14,712","58,067","51,366","48,481",463.17
18041,Fayette County,2010,"24,277","1,499","4,914","1,201","5,808","6,811","4,044",215.01
18041,Fayette County,2015,"23,426","1,212","4,575","1,353","5,336","6,539","4,411",215.01
18041,Fayette County,2020,"22,570","1,235","4,105","1,200","5,028","6,122","4,880",215.01
18041,Fayette County,2025,"21,910","1,358","3,781","1,115","4,740","5,753","5,163",215.01
18041,Fayette County,2030,"21,192","1,284","3,714","1,038","4,644","5,194","5,318",215.01
18041,Fayette County,2035,"20,400","1,199","3,807",856,"4,502","4,774","5,262",215.01
18041,Fayette County,2040,"19,532","1,091","3,762",904,"4,060","4,529","5,186",215.01
18041,Fayette County,2045,"18,684","1,077","3,500","1,008","3,804","4,279","5,016",215.01
18041,Fayette County,2050,"17,916","1,083","3,306",953,"3,700","4,205","4,669",215.01
18043,Floyd County,2010,"74,578","4,559","15,442","4,515","18,830","21,572","9,660",147.94
18043,Floyd County,2015,"76,761","4,568","14,993","4,845","19,051","21,842","11,462",147.94
18043,Floyd County,2020,"78,826","4,634","14,950","4,580","19,806","21,428","13,428",147.94
18043,Floyd County,2025,"80,355","4,693","14,941","4,579","20,304","20,307","15,531",147.94
18043,Floyd County,2030,"81,345","4,746","14,991","4,549","20,338","19,614","17,107",147.94
18043,Floyd County,2035,"81,787","4,678","15,156","4,472","20,150","19,740","17,591",147.94
18043,Floyd County,2040,"81,751","4,544","15,143","4,600","19,646","20,217","17,601",147.94
18043,Floyd County,2045,"81,420","4,388","14,940","4,667","19,637","20,473","17,315",147.94
18043,Floyd County,2050,"80,997","4,339","14,536","4,687","19,668","20,410","17,357",147.94
18045,Fountain County,2010,"17,240","1,017","3,588",807,"3,970","4,815","3,043",395.66
18045,Fountain County,2015,"16,536",910,"3,208",944,"3,638","4,633","3,203",395.66
18045,Fountain County,2020,"15,946",951,"2,850",765,"3,624","4,427","3,329",395.66
18045,Fountain County,2025,"15,682","1,024","2,823",580,"3,533","4,089","3,633",395.66
18045,Fountain County,2030,"15,259",889,"2,899",578,"3,224","3,741","3,928",395.66
18045,Fountain County,2035,"14,701",781,"2,905",541,"2,983","3,483","4,008",395.66
18045,Fountain County,2040,"14,045",718,"2,726",594,"2,614","3,462","3,931",395.66
18045,Fountain County,2045,"13,391",744,"2,419",654,"2,448","3,375","3,751",395.66
18045,Fountain County,2050,"12,850",770,"2,276",567,"2,525","3,090","3,622",395.66
18047,Franklin County,2010,"23,087","1,444","5,173","1,046","5,512","6,651","3,261",384.43
18047,Franklin County,2015,"22,890","1,289","4,799","1,352","5,080","6,682","3,688",384.43
18047,Franklin County,2020,"22,863","1,325","4,445","1,117","5,140","6,433","4,403",384.43
18047,Franklin County,2025,"23,388","1,594","4,264","1,018","5,136","6,079","5,297",384.43
18047,Franklin County,2030,"23,722","1,482","4,544",923,"5,068","5,679","6,026",384.43
18047,Franklin County,2035,"23,760","1,341","4,803",875,"4,894","5,458","6,389",384.43
18047,Franklin County,2040,"23,540","1,269","4,798",946,"4,363","5,604","6,560",384.43
18047,Franklin County,2045,"23,117","1,258","4,439","1,152","4,182","5,568","6,518",384.43
18047,Franklin County,2050,"22,804","1,355","4,197","1,071","4,298","5,489","6,394",384.43
18049,Fulton County,2010,"20,836","1,361","4,348","1,002","4,843","5,854","3,428",368.39
18049,Fulton County,2015,"20,328","1,259","4,079","1,116","4,703","5,533","3,638",368.39
18049,Fulton County,2020,"20,110","1,300","3,935",965,"4,679","5,230","4,001",368.39
18049,Fulton County,2025,"20,058","1,212","4,024",874,"4,555","4,952","4,441",368.39
18049,Fulton County,2030,"19,866","1,179","3,954",929,"4,347","4,745","4,712",368.39
18049,Fulton County,2035,"19,535","1,129","3,880",902,"4,277","4,646","4,701",368.39
18049,Fulton County,2040,"19,156","1,111","3,693",963,"4,076","4,617","4,696",368.39
18049,Fulton County,2045,"18,799","1,101","3,584",900,"4,086","4,487","4,641",368.39
18049,Fulton County,2050,"18,488","1,105","3,508",873,"4,114","4,295","4,593",368.39
18051,Gibson County,2010,"33,503","2,192","6,803","1,867","8,080","9,439","5,122",487.49
18051,Gibson County,2015,"33,762","2,163","6,496","2,119","7,976","9,389","5,619",487.49
18051,Gibson County,2020,"34,077","2,088","6,609","1,807","8,200","9,062","6,311",487.49
18051,Gibson County,2025,"34,521","2,154","6,694","1,839","8,151","8,533","7,150",487.49
18051,Gibson County,2030,"34,783","2,110","6,719","1,943","7,987","8,263","7,761",487.49
18051,Gibson County,2035,"34,847","2,080","6,676","1,962","7,976","8,214","7,939",487.49
18051,Gibson County,2040,"34,898","2,105","6,662","1,927","7,819","8,431","7,954",487.49
18051,Gibson County,2045,"34,904","2,124","6,610","2,005","8,003","8,351","7,811",487.49
18051,Gibson County,2050,"34,950","2,164","6,627","1,962","8,176","8,193","7,828",487.49
18053,Grant County,2010,"70,061","4,039","14,243","6,227","15,098","19,081","11,373",414.07
18053,Grant County,2015,"67,692","3,731","13,044","6,311","14,255","18,022","12,329",414.07
18053,Grant County,2020,"65,685","3,613","12,466","5,549","14,018","16,771","13,268",414.07
18053,Grant County,2025,"63,984","3,547","12,205","5,231","13,742","15,011","14,248",414.07
18053,Grant County,2030,"62,233","3,388","11,813","5,312","13,506","13,507","14,707",414.07
18053,Grant County,2035,"60,326","3,269","11,529","5,043","12,977","13,076","14,432",414.07
18053,Grant County,2040,"58,552","3,228","11,240","5,008","12,318","12,946","13,812",414.07
18053,Grant County,2045,"56,899","3,164","10,951","5,039","12,050","12,747","12,948",414.07
18053,Grant County,2050,"55,257","3,049","10,759","4,914","11,926","12,565","12,044",414.07
18055,Greene County,2010,"33,165","1,981","6,668","1,728","7,993","9,478","5,317",542.5
18055,Greene County,2015,"32,450","1,721","6,179","1,794","7,406","9,368","5,982",542.5
18055,Greene County,2020,"31,803","1,658","5,786","1,544","7,219","8,993","6,603",542.5
18055,Greene County,2025,"31,315","1,761","5,475","1,484","7,115","8,343","7,137",542.5
18055,Greene County,2030,"30,668","1,688","5,356","1,435","6,993","7,592","7,604",542.5
18055,Greene County,2035,"29,969","1,677","5,356","1,301","6,766","7,203","7,666",542.5
18055,Greene County,2040,"29,214","1,613","5,365","1,297","6,295","7,127","7,517",542.5
18055,Greene County,2045,"28,383","1,562","5,208","1,393","6,050","7,011","7,159",542.5
18055,Greene County,2050,"27,619","1,526","5,076","1,337","5,942","6,902","6,836",542.5
18057,Hamilton County,2010,"274,569","21,609","66,816","10,166","82,113","70,176","23,689",394.27
18057,Hamilton County,2015,"309,172","21,401","72,890","15,788","84,348","80,986","33,759",394.27
18057,Hamilton County,2020,"343,179","22,439","75,155","17,848","93,145","89,147","45,445",394.27
18057,Hamilton County,2025,"379,478","26,850","76,444","17,378","104,584","95,579","58,643",394.27
18057,Hamilton County,2030,"417,754","32,077","81,260","17,307","112,926","101,679","72,505",394.27
18057,Hamilton County,2035,"452,289","31,653","91,998","16,801","122,903","104,131","84,803",394.27
18057,Hamilton County,2040,"479,841","31,058","100,708","17,760","121,435","113,723","95,157",394.27
18057,Hamilton County,2045,"503,823","31,230","103,920","21,233","117,795","125,419","104,226",394.27
18057,Hamilton County,2050,"527,582","33,173","102,198","25,206","120,681","132,497","113,827",394.27
18059,Hancock County,2010,"70,002","4,396","15,559","3,282","17,942","19,886","8,937",306.02
18059,Hancock County,2015,"72,392","4,035","14,799","3,990","17,772","20,595","11,201",306.02
18059,Hancock County,2020,"76,353","4,260","14,665","3,907","18,956","21,284","13,281",306.02
18059,Hancock County,2025,"80,876","5,114","14,773","3,910","20,279","21,120","15,680",306.02
18059,Hancock County,2030,"85,043","5,390","15,739","3,930","21,079","20,742","18,163",306.02
18059,Hancock County,2035,"88,710","5,509","17,211","3,762","21,709","20,948","19,571",306.02
18059,Hancock County,2040,"91,845","5,416","18,523","3,983","21,228","22,269","20,426",306.02
18059,Hancock County,2045,"94,320","5,374","18,778","4,738","21,154","23,449","20,827",306.02
18059,Hancock County,2050,"96,643","5,514","18,707","4,927","21,929","24,187","21,379",306.02
18061,Harrison County,2010,"39,364","2,397","7,879","2,120","9,810","11,707","5,451",484.52
18061,Harrison County,2015,"39,639","2,332","7,517","2,133","9,617","11,557","6,483",484.52
18061,Harrison County,2020,"40,636","2,420","7,540","2,004","9,699","11,302","7,671",484.52
18061,Harrison County,2025,"42,091","2,329","7,754","2,145","9,707","10,914","9,242",484.52
18061,Harrison County,2030,"43,157","2,330","7,760","2,233","9,665","10,455","10,714",484.52
18061,Harrison County,2035,"43,872","2,331","7,732","2,258","9,704","10,613","11,234",484.52
18061,Harrison County,2040,"44,475","2,389","7,611","2,364","9,842","10,796","11,473",484.52
18061,Harrison County,2045,"44,927","2,400","7,661","2,286","10,290","10,727","11,563",484.52
18061,Harrison County,2050,"44,861","2,455","7,732","2,280","10,436","10,622","11,336",484.52
18063,Hendricks County,2010,"145,448","10,221","33,017","6,949","41,242","38,450","15,569",406.91
18063,Hendricks County,2015,"158,059","9,715","34,609","8,824","42,961","41,868","20,082",406.91
18063,Hendricks County,2020,"170,323","10,232","35,032","9,248","46,207","44,341","25,263",406.91
18063,Hendricks County,2025,"184,022","11,542","35,688","9,283","49,920","46,388","31,201",406.91
18063,Hendricks County,2030,"197,902","12,911","37,285","9,436","52,761","48,475","37,034",406.91
18063,Hendricks County,2035,"211,355","13,811","40,913","8,780","55,698","50,842","41,311",406.91
18063,Hendricks County,2040,"222,337","13,906","44,763","8,918","54,868","54,845","45,037",406.91
18063,Hendricks County,2045,"231,528","13,653","47,134","10,033","53,513","58,739","48,456",406.91
18063,Hendricks County,2050,"239,515","13,788","47,776","10,872","53,509","61,417","52,153",406.91
18065,Henry County,2010,"49,462","2,677","9,643","2,565","12,336","14,240","8,001",391.88
18065,Henry County,2015,"48,894","2,442","8,801","2,988","11,912","13,772","8,979",391.88
18065,Henry County,2020,"48,041","2,464","8,231","2,600","11,930","13,120","9,696",391.88
18065,Henry County,2025,"46,873","2,523","7,913","2,445","11,634","12,227","10,131",391.88
18065,Henry County,2030,"45,591","2,407","7,827","2,343","11,372","11,113","10,529",391.88
18065,Henry County,2035,"44,144","2,249","7,818","2,190","10,876","10,633","10,378",391.88
18065,Henry County,2040,"42,614","2,110","7,590","2,251","10,026","10,579","10,058",391.88
18065,Henry County,2045,"41,109","2,077","7,156","2,331","9,726","10,283","9,536",391.88
18065,Henry County,2050,"39,765","2,092","6,812","2,232","9,617","10,053","8,959",391.88
18067,Howard County,2010,"82,752","5,170","16,444","4,488","19,701","23,508","13,441",293.06
18067,Howard County,2015,"82,581","5,121","15,457","5,085","19,145","22,562","15,211",293.06
18067,Howard County,2020,"82,388","4,994","15,060","4,633","19,445","21,427","16,829",293.06
18067,Howard County,2025,"81,883","5,045","14,914","4,109","19,411","20,032","18,372",293.06
18067,Howard County,2030,"80,786","4,913","14,883","3,954","19,094","18,512","19,430",293.06
18067,Howard County,2035,"79,266","4,738","14,657","3,972","18,446","18,040","19,413",293.06
18067,Howard County,2040,"77,595","4,598","14,411","3,895","17,297","18,281","19,113",293.06
18067,Howard County,2045,"75,883","4,524","13,966","3,984","16,597","18,243","18,569",293.06
18067,Howard County,2050,"74,275","4,504","13,585","3,880","16,456","17,974","17,876",293.06
18069,Huntington County,2010,"37,124","2,230","7,698","2,583","8,814","10,333","5,466",382.65
18069,Huntington County,2015,"36,607","2,081","7,051","2,651","8,616","10,243","5,965",382.65
18069,Huntington County,2020,"36,190","2,074","6,607","2,424","8,644","9,720","6,721",382.65
18069,Huntington County,2025,"35,812","2,039","6,495","2,154","8,532","8,859","7,733",382.65
18069,Huntington County,2030,"35,334","1,987","6,412","2,085","8,272","8,186","8,392",382.65
18069,Huntington County,2035,"34,707","1,936","6,364","2,002","7,815","8,111","8,479",382.65
18069,Huntington County,2040,"33,921","1,895","6,253","2,042","7,319","8,155","8,257",382.65
18069,Huntington County,2045,"33,048","1,841","6,133","2,042","7,039","8,058","7,935",382.65
18069,Huntington County,2050,"32,189","1,773","5,999","2,015","6,951","7,823","7,628",382.65
18071,Jackson County,2010,"42,376","2,734","8,672","2,273","11,191","11,438","6,068",509.31
18071,Jackson County,2015,"43,941","3,028","8,669","2,569","11,223","11,643","6,809",509.31
18071,Jackson County,2020,"45,026","3,101","8,854","2,365","11,444","11,628","7,634",509.31
18071,Jackson County,2025,"45,564","2,892","8,982","2,351","11,163","11,373","8,803",509.31
18071,Jackson County,2030,"45,822","2,823","8,904","2,337","10,902","11,075","9,781",509.31
18071,Jackson County,2035,"45,798","2,776","8,611","2,470","10,745","10,912","10,284",509.31
18071,Jackson County,2040,"45,816","2,857","8,302","2,488","10,603","10,998","10,568",509.31
18071,Jackson County,2045,"45,751","2,855","8,278","2,340","10,785","10,727","10,766",509.31
18071,Jackson County,2050,"45,622","2,844","8,318","2,291","10,771","10,506","10,892",509.31
18073,Jasper County,2010,"33,478","2,171","7,483","2,032","8,025","9,065","4,702",559.63
18073,Jasper County,2015,"33,501","1,957","7,130","2,310","7,751","8,990","5,363",559.63
18073,Jasper County,2020,"33,879","1,998","6,778","2,193","7,834","8,913","6,163",559.63
18073,Jasper County,2025,"35,183","2,391","6,636","2,110","8,029","8,638","7,379",559.63
18073,Jasper County,2030,"36,308","2,417","6,950","2,071","8,284","8,237","8,349",559.63
18073,Jasper County,2035,"37,209","2,392","7,485","1,921","8,412","8,274","8,725",559.63
18073,Jasper County,2040,"37,906","2,287","7,915","2,019","8,101","8,573","9,011",559.63
18073,Jasper County,2045,"38,361","2,272","7,790","2,414","7,956","8,739","9,190",559.63
18073,Jasper County,2050,"38,818","2,381","7,624","2,428","8,216","8,992","9,177",559.63
18075,Jay County,2010,"21,253","1,489","4,742","1,115","4,990","5,650","3,267",383.91
18075,Jay County,2015,"21,155","1,565","4,442","1,305","4,709","5,628","3,506",383.91
18075,Jay County,2020,"21,149","1,565","4,417","1,180","4,754","5,438","3,795",383.91
18075,Jay County,2025,"21,109","1,545","4,502","1,114","4,836","5,042","4,070",383.91
18075,Jay County,2030,"20,975","1,497","4,614","1,059","4,829","4,646","4,330",383.91
18075,Jay County,2035,"20,724","1,431","4,569","1,170","4,747","4,424","4,383",383.91
18075,Jay County,2040,"20,512","1,444","4,434","1,208","4,645","4,456","4,325",383.91
18075,Jay County,2045,"20,346","1,461","4,337","1,203","4,700","4,535","4,110",383.91
18075,Jay County,2050,"20,222","1,477","4,307","1,167","4,790","4,542","3,939",383.91
18077,Jefferson County,2010,"32,428","1,869","6,538","2,130","7,940","9,209","4,742",360.63
18077,Jefferson County,2015,"32,465","1,807","6,002","2,352","7,815","9,109","5,380",360.63
18077,Jefferson County,2020,"32,428","1,811","5,778","2,125","7,828","8,904","5,982",360.63
18077,Jefferson County,2025,"32,438","1,834","5,882","1,919","7,692","8,292","6,819",360.63
18077,Jefferson County,2030,"32,265","1,778","5,980","1,953","7,387","7,759","7,408",360.63
18077,Jefferson County,2035,"31,881","1,695","5,996","1,998","7,071","7,580","7,541",360.63
18077,Jefferson County,2040,"31,450","1,659","5,882","2,076","6,741","7,575","7,517",360.63
18077,Jefferson County,2045,"31,002","1,670","5,694","2,128","6,760","7,418","7,332",360.63
18077,Jefferson County,2050,"30,579","1,675","5,572","2,070","6,950","7,127","7,185",360.63
18079,Jennings County,2010,"28,525","1,870","6,491","1,522","7,193","7,848","3,601",376.58
18079,Jennings County,2015,"27,913","1,746","5,623","1,839","6,584","7,892","4,229",376.58
18079,Jennings County,2020,"27,353","1,745","5,004","1,554","6,505","7,822","4,723",376.58
18079,Jennings County,2025,"27,247","1,762","4,951","1,315","6,574","7,323","5,322",376.58
18079,Jennings County,2030,"27,133","1,703","5,064","1,295","6,569","6,687","5,815",376.58
18079,Jennings County,2035,"26,897","1,593","5,184","1,291","6,394","6,294","6,141",376.58
18079,Jennings County,2040,"26,659","1,528","5,136","1,420","5,895","6,403","6,277",376.58
18079,Jennings County,2045,"26,383","1,534","4,935","1,503","5,803","6,530","6,078",376.58
18079,Jennings County,2050,"26,175","1,579","4,774","1,477","6,020","6,541","5,784",376.58
18081,Johnson County,2010,"139,654","9,625","30,881","7,972","37,619","36,383","17,174",320.43
18081,Johnson County,2015,"149,338","9,663","31,388","9,445","39,456","38,272","21,114",320.43
18081,Johnson County,2020,"158,713","10,006","31,808","9,683","42,457","39,747","25,012",320.43
18081,Johnson County,2025,"168,123","11,046","32,450","9,670","45,030","40,787","29,140",320.43
18081,Johnson County,2030,"176,917","11,673","33,904","9,761","46,644","41,727","33,208",320.43
18081,Johnson County,2035,"184,715","11,909","35,997","9,656","47,829","43,529","35,795",320.43
18081,Johnson County,2040,"191,249","11,958","37,839","10,029","47,513","46,043","37,867",320.43
18081,Johnson County,2045,"197,161","11,995","38,605","11,098","47,595","48,155","39,713",320.43
18081,Johnson County,2050,"202,884","12,348","38,846","11,587","48,933","49,436","41,734",320.43
18083,Knox County,2010,"38,440","2,271","7,927","3,354","8,454","10,372","6,062",516.03
18083,Knox County,2015,"37,891","2,343","7,575","3,457","8,337","9,798","6,381",516.03
18083,Knox County,2020,"37,407","2,272","7,583","3,120","8,523","9,009","6,900",516.03
18083,Knox County,2025,"37,003","2,218","7,744","2,886","8,491","8,218","7,446",516.03
18083,Knox County,2030,"36,602","2,170","7,810","2,935","8,151","7,751","7,785",516.03
18083,Knox County,2035,"36,181","2,201","7,645","3,065","8,034","7,668","7,568",516.03
18083,Knox County,2040,"35,730","2,206","7,575","3,006","7,930","7,833","7,180",516.03
18083,Knox County,2045,"35,323","2,181","7,562","2,965","7,965","7,815","6,835",516.03
18083,Knox County,2050,"35,014","2,156","7,596","2,910","8,085","7,536","6,731",516.03
18085,Kosciusko County,2010,"77,358","5,313","16,699","4,709","19,222","20,942","10,473",531.38
18085,Kosciusko County,2015,"78,815","5,150","16,159","5,413","19,164","20,830","12,099",531.38
18085,Kosciusko County,2020,"80,154","5,301","15,726","4,861","20,084","20,230","13,952",531.38
18085,Kosciusko County,2025,"82,066","5,877","15,738","4,435","20,531","19,169","16,316",531.38
18085,Kosciusko County,2030,"83,361","5,680","16,382","4,387","20,178","18,640","18,094",531.38
18085,Kosciusko County,2035,"84,014","5,473","16,915","4,317","19,656","18,868","18,785",531.38
18085,Kosciusko County,2040,"84,283","5,281","17,073","4,496","18,630","19,799","19,004",531.38
18085,Kosciusko County,2045,"84,335","5,329","16,479","5,031","18,371","20,225","18,900",531.38
18085,Kosciusko County,2050,"84,493","5,462","16,142","4,864","18,979","19,924","19,122",531.38
18087,LaGrange County,2010,"37,128","3,738","10,180","2,272","8,471","8,175","4,292",379.62
18087,LaGrange County,2015,"38,671","3,549","10,342","2,414","8,897","8,472","4,997",379.62
18087,LaGrange County,2020,"39,848","3,546","10,113","2,353","9,376","8,656","5,804",379.62
18087,LaGrange County,2025,"41,099","3,730","10,175","2,299","9,526","8,694","6,675",379.62
18087,LaGrange County,2030,"42,052","3,678","10,394","2,386","9,407","8,683","7,504",379.62
18087,LaGrange County,2035,"42,766","3,602","10,720","2,299","9,212","8,918","8,015",379.62
18087,LaGrange County,2040,"43,321","3,601","10,883","2,420","8,913","9,107","8,397",379.62
18087,LaGrange County,2045,"43,719","3,618","10,815","2,597","8,907","9,129","8,653",379.62
18087,LaGrange County,2050,"44,067","3,673","10,781","2,581","9,136","8,995","8,901",379.62
18089,Lake County,2010,"496,005","33,258","107,875","29,346","125,453","134,203","65,870",498.96
18089,Lake County,2015,"487,649","30,270","99,816","32,146","120,661","131,524","73,232",498.96
18089,Lake County,2020,"479,815","29,464","93,060","28,798","120,956","125,126","82,411",498.96
18089,Lake County,2025,"481,583","32,058","90,816","26,761","120,449","118,183","93,316",498.96
18089,Lake County,2030,"482,321","31,319","92,440","26,252","118,024","114,463","99,823",498.96
18089,Lake County,2035,"482,108","30,394","95,262","25,037","116,911","112,995","101,509",498.96
18089,Lake County,2040,"479,571","29,262","96,487","25,763","111,624","115,198","101,237",498.96
18089,Lake County,2045,"476,103","29,034","93,733","28,440","109,215","114,935","100,746",498.96
18089,Lake County,2050,"473,381","29,431","91,406","27,857","110,985","113,004","100,698",498.96
18091,LaPorte County,2010,"111,467","6,625","21,527","6,553","29,069","31,826","15,867",598.3
18091,LaPorte County,2015,"110,762","6,570","20,097","7,173","28,073","30,909","17,940",598.3
18091,LaPorte County,2020,"110,328","6,700","19,115","6,635","28,427","29,098","20,353",598.3
18091,LaPorte County,2025,"110,391","6,737","19,299","5,782","28,547","27,174","22,852",598.3
18091,LaPorte County,2030,"110,004","6,617","19,752","5,616","27,868","25,672","24,479",598.3
18091,LaPorte County,2035,"109,003","6,346","20,070","5,642","26,963","25,187","24,795",598.3
18091,LaPorte County,2040,"107,767","6,138","19,889","5,992","25,608","25,726","24,414",598.3
18091,LaPorte County,2045,"106,454","6,066","19,360","6,160","25,115","25,939","23,814",598.3
18091,LaPorte County,2050,"105,318","6,102","18,827","6,119","25,568","25,387","23,315",598.3
18093,Lawrence County,2010,"46,134","2,723","9,181","2,257","10,969","13,442","7,562",449.17
18093,Lawrence County,2015,"45,485","2,453","8,591","2,482","10,475","13,028","8,456",449.17
18093,Lawrence County,2020,"45,075","2,644","7,995","2,306","10,331","12,467","9,332",449.17
18093,Lawrence County,2025,"44,879","2,666","7,911","2,122","10,175","11,708","10,297",449.17
18093,Lawrence County,2030,"44,383","2,557","7,936","2,079","9,932","10,842","11,037",449.17
18093,Lawrence County,2035,"43,598","2,440","8,054","1,912","9,600","10,459","11,133",449.17
18093,Lawrence County,2040,"42,687","2,365","7,834","2,112","9,011","10,325","11,040",449.17
18093,Lawrence County,2045,"41,767","2,349","7,527","2,152","8,840","10,154","10,745",449.17
18093,Lawrence County,2050,"40,955","2,382","7,316","2,066","8,868","9,924","10,399",449.17
18095,Madison County,2010,"131,636","8,123","25,949","8,230","33,704","35,396","20,234",451.92
18095,Madison County,2015,"129,495","7,419","24,145","8,253","32,367","34,939","22,372",451.92
18095,Madison County,2020,"127,604","7,127","23,009","7,690","31,858","33,606","24,314",451.92
18095,Madison County,2025,"126,187","7,285","22,332","7,475","31,354","31,543","26,198",451.92
18095,Madison County,2030,"124,262","7,012","21,893","7,399","31,071","29,428","27,459",451.92
18095,Madison County,2035,"121,902","6,818","21,604","7,021","30,440","28,510","27,509",451.92
18095,Madison County,2040,"119,524","6,589","21,294","6,934","29,524","28,198","26,985",451.92
18095,Madison County,2045,"117,118","6,432","20,600","7,161","29,005","27,764","26,156",451.92
18095,Madison County,2050,"114,759","6,310","20,023","6,901","28,722","27,590","25,213",451.92
18097,Marion County,2010,"903,393","68,160","184,352","68,582","263,452","222,745","96,102",396.3
18097,Marion County,2015,"938,058","69,850","186,258","68,491","275,508","229,879","108,072",396.3
18097,Marion County,2020,"963,732","71,293","192,644","63,787","284,150","226,369","125,489",396.3
18097,Marion County,2025,"983,721","73,107","198,601","65,880","282,458","216,989","146,686",396.3
18097,Marion County,2030,"1,001,231","72,515","201,623","70,360","280,200","214,488","162,045",396.3
18097,Marion County,2035,"1,017,228","73,409","203,947","70,264","279,643","223,169","166,796",396.3
18097,Marion County,2040,"1,033,719","74,689","206,357","71,734","283,003","229,502","168,434",396.3
18097,Marion County,2045,"1,049,932","75,802","208,171","74,263","292,495","229,384","169,817",396.3
18097,Marion County,2050,"1,065,757","76,622","211,557","73,661","300,942","228,790","174,185",396.3
18099,Marshall County,2010,"47,051","3,250","10,648","2,527","11,134","12,588","6,904",443.63
18099,Marshall County,2015,"46,756","2,864","10,130","2,850","10,595","12,577","7,740",443.63
18099,Marshall County,2020,"46,879","2,951","9,555","2,516","10,770","12,124","8,963",443.63
18099,Marshall County,2025,"47,612","3,269","9,312","2,339","10,827","11,497","10,368",443.63
18099,Marshall County,2030,"48,061","3,179","9,432","2,337","10,743","10,794","11,576",443.63
18099,Marshall County,2035,"48,171","3,034","9,775","2,127","10,485","10,612","12,138",443.63
18099,Marshall County,2040,"47,916","2,868","9,842","2,238","9,750","10,887","12,331",443.63
18099,Marshall County,2045,"47,407","2,836","9,416","2,498","9,510","10,927","12,220",443.63
18099,Marshall County,2050,"46,931","2,906","9,059","2,437","9,663","10,843","12,023",443.63
18101,Martin County,2010,"10,334",674,"2,054",506,"2,394","3,081","1,625",335.74
18101,Martin County,2015,"10,191",661,"1,905",575,"2,299","2,958","1,793",335.74
18101,Martin County,2020,"10,236",655,"1,838",612,"2,331","2,792","2,008",335.74
18101,Martin County,2025,"10,316",771,"1,917",399,"2,435","2,546","2,248",335.74
18101,Martin County,2030,"10,273",690,"2,109",405,"2,287","2,386","2,396",335.74
18101,Martin County,2035,"10,073",596,"2,175",441,"2,181","2,325","2,355",335.74
18101,Martin County,2040,"9,791",539,"2,109",467,"1,971","2,398","2,307",335.74
18101,Martin County,2045,"9,505",564,"1,871",560,"1,818","2,493","2,199",335.74
18101,Martin County,2050,"9,306",610,"1,742",505,"1,981","2,323","2,145",335.74
18103,Miami County,2010,"36,903","2,107","7,191","2,164","9,905","10,388","5,148",373.84
18103,Miami County,2015,"35,902","1,934","6,678","2,292","9,338","9,887","5,773",373.84
18103,Miami County,2020,"35,095","1,851","6,300","2,035","9,191","9,299","6,419",373.84
18103,Miami County,2025,"34,689","2,068","5,918","1,926","8,973","8,711","7,093",373.84
18103,Miami County,2030,"34,040","1,925","5,931","1,805","8,873","7,873","7,633",373.84
18103,Miami County,2035,"33,124","1,777","5,930","1,695","8,539","7,473","7,710",373.84
18103,Miami County,2040,"32,087","1,653","5,847","1,657","7,974","7,356","7,600",373.84
18103,Miami County,2045,"31,037","1,631","5,429","1,874","7,625","7,137","7,341",373.84
18103,Miami County,2050,"30,089","1,627","5,134","1,767","7,574","7,064","6,923",373.84
18105,Monroe County,2010,"137,974","6,503","27,235","28,606","33,823","27,760","14,047",394.51
18105,Monroe County,2015,"144,257","6,398","27,789","27,996","36,149","29,084","16,841",394.51
18105,Monroe County,2020,"150,620","6,628","28,292","28,771","37,850","28,543","20,536",394.51
18105,Monroe County,2025,"156,689","6,917","28,690","29,214","39,391","28,349","24,128",394.51
18105,Monroe County,2030,"162,024","7,169","29,079","29,400","40,377","29,214","26,785",394.51
18105,Monroe County,2035,"166,538","7,322","29,985","28,841","40,707","31,296","28,387",394.51
18105,Monroe County,2040,"171,175","7,492","30,695","29,445","41,545","32,977","29,021",394.51
18105,Monroe County,2045,"175,738","7,658","31,275","30,029","42,355","34,450","29,971",394.51
18105,Monroe County,2050,"180,159","7,823","31,722","30,363","43,220","35,480","31,551",394.51
18107,Montgomery County,2010,"38,124","2,474","7,890","2,465","8,984","10,383","5,928",504.61
18107,Montgomery County,2015,"38,167","2,365","7,456","2,724","8,700","10,435","6,487",504.61
18107,Montgomery County,2020,"38,342","2,313","7,318","2,338","8,914","10,173","7,286",504.61
18107,Montgomery County,2025,"38,445","2,315","7,234","2,238","9,018","9,303","8,337",504.61
18107,Montgomery County,2030,"38,340","2,259","7,143","2,251","8,917","8,565","9,205",504.61
18107,Montgomery County,2035,"38,131","2,244","7,058","2,211","8,715","8,428","9,475",504.61
18107,Montgomery County,2040,"37,671","2,158","7,000","2,196","8,211","8,664","9,442",504.61
18107,Montgomery County,2045,"37,078","2,081","6,853","2,226","8,079","8,748","9,091",504.61
18107,Montgomery County,2050,"36,435","2,018","6,682","2,188","8,040","8,661","8,846",504.61
18109,Morgan County,2010,"68,894","4,282","14,844","3,496","17,044","20,309","8,919",403.97
18109,Morgan County,2015,"69,646","3,802","13,957","4,153","16,175","20,666","10,893",403.97
18109,Morgan County,2020,"70,302","4,142","13,143","3,633","16,686","20,057","12,641",403.97
18109,Morgan County,2025,"71,372","4,613","13,011","3,474","17,247","18,667","14,360",403.97
18109,Morgan County,2030,"72,001","4,512","13,371","3,479","17,514","17,412","15,713",403.97
18109,Morgan County,2035,"72,188","4,321","14,177","3,077","17,351","17,057","16,205",403.97
18109,Morgan County,2040,"71,931","4,107","14,364","3,435","16,095","17,937","15,993",403.97
18109,Morgan County,2045,"71,411","4,071","13,824","3,859","15,893","18,412","15,352",403.97
18109,Morgan County,2050,"71,095","4,222","13,352","3,777","16,252","18,617","14,875",403.97
18111,Newton County,2010,"14,244",813,"2,838",665,"3,275","4,283","2,370",401.76
18111,Newton County,2015,"14,002",687,"2,653",778,"3,168","4,148","2,568",401.76
18111,Newton County,2020,"13,797",715,"2,420",649,"3,208","3,852","2,953",401.76
18111,Newton County,2025,"13,578",697,"2,307",537,"3,103","3,545","3,389",401.76
18111,Newton County,2030,"13,198",610,"2,190",550,"2,924","3,217","3,707",401.76
18111,Newton County,2035,"12,706",546,"2,105",467,"2,730","3,150","3,708",401.76
18111,Newton County,2040,"12,136",509,"1,927",494,"2,377","3,198","3,631",401.76
18111,Newton County,2045,"11,510",477,"1,730",489,"2,216","3,071","3,527",401.76
18111,Newton County,2050,"10,926",475,"1,590",432,"2,159","2,893","3,377",401.76
18113,Noble County,2010,"47,536","3,454","10,628","2,715","11,937","12,861","5,941",410.84
18113,Noble County,2015,"47,759","3,056","10,240","2,948","11,487","12,911","7,117",410.84
18113,Noble County,2020,"48,185","3,311","9,560","2,849","11,477","12,598","8,390",410.84
18113,Noble County,2025,"48,642","3,380","9,435","2,554","11,466","11,999","9,808",410.84
18113,Noble County,2030,"48,938","3,446","9,460","2,493","11,362","11,338","10,839",410.84
18113,Noble County,2035,"48,954","3,380","9,885","2,201","11,138","11,041","11,309",410.84
18113,Noble County,2040,"48,662","3,245","9,989","2,443","10,368","11,138","11,479",410.84
18113,Noble County,2045,"48,171","3,177","9,863","2,531","9,966","11,173","11,461",410.84
18113,Noble County,2050,"47,711","3,226","9,608","2,588","9,932","11,112","11,245",410.84
18115,Ohio County,2010,"6,128",303,"1,143",318,"1,409","1,936","1,019",86.14
18115,Ohio County,2015,"5,936",289,958,271,"1,321","1,882","1,215",86.14
18115,Ohio County,2020,"5,905",270,907,243,"1,255","1,794","1,436",86.14
18115,Ohio County,2025,"5,978",275,901,257,"1,226","1,657","1,662",86.14
18115,Ohio County,2030,"5,985",266,938,230,"1,220","1,465","1,866",86.14
18115,Ohio County,2035,"5,908",240,934,259,"1,098","1,519","1,858",86.14
18115,Ohio County,2040,"5,792",225,900,265,"1,082","1,494","1,826",86.14
18115,Ohio County,2045,"5,660",231,838,272,"1,109","1,447","1,763",86.14
18115,Ohio County,2050,"5,551",243,797,263,"1,123","1,438","1,687",86.14
18117,Orange County,2010,"19,840","1,222","4,166","1,001","4,686","5,633","3,132",398.39
18117,Orange County,2015,"19,516","1,167","3,847","1,099","4,376","5,526","3,501",398.39
18117,Orange County,2020,"19,406","1,147","3,724",952,"4,420","5,315","3,848",398.39
18117,Orange County,2025,"19,422","1,166","3,680",887,"4,357","4,943","4,389",398.39
18117,Orange County,2030,"19,267","1,071","3,679",881,"4,286","4,632","4,718",398.39
18117,Orange County,2035,"18,924","1,014","3,583",887,"4,169","4,487","4,784",398.39
18117,Orange County,2040,"18,536",989,"3,434",888,"3,963","4,563","4,699",398.39
18117,Orange County,2045,"18,106",992,"3,245",904,"3,905","4,490","4,570",398.39
18117,Orange County,2050,"17,750","1,005","3,161",829,"3,926","4,420","4,409",398.39
18119,Owen County,2010,"21,575","1,217","4,338","1,101","4,937","6,790","3,192",385.29
18119,Owen County,2015,"20,809","1,137","3,868","1,052","4,536","6,497","3,719",385.29
18119,Owen County,2020,"20,160",979,"3,621",921,"4,402","6,034","4,203",385.29
18119,Owen County,2025,"19,707",976,"3,354",887,"4,328","5,451","4,711",385.29
18119,Owen County,2030,"19,123",925,"3,194",828,"4,230","4,841","5,105",385.29
18119,Owen County,2035,"18,391",866,"3,008",834,"3,969","4,677","5,037",385.29
18119,Owen County,2040,"17,651",830,"2,890",751,"3,765","4,627","4,788",385.29
18119,Owen County,2045,"16,883",787,"2,737",763,"3,603","4,529","4,464",385.29
18119,Owen County,2050,"16,168",768,"2,598",725,"3,465","4,423","4,189",385.29
18121,Parke County,2010,"17,339",989,"3,171","1,019","4,350","5,101","2,709",444.66
18121,Parke County,2015,"16,878",988,"2,960","1,013","4,150","4,765","3,002",444.66
18121,Parke County,2020,"16,565",956,"2,988",833,"4,129","4,395","3,264",444.66
18121,Parke County,2025,"16,286",912,"3,041",827,"4,084","3,886","3,536",444.66
18121,Parke County,2030,"15,920",867,"3,007",871,"3,903","3,582","3,690",444.66
18121,Parke County,2035,"15,528",866,"2,901",903,"3,753","3,500","3,605",444.66
18121,Parke County,2040,"15,165",877,"2,809",900,"3,679","3,478","3,422",444.66
18121,Parke County,2045,"14,845",884,"2,773",872,"3,770","3,425","3,121",444.66
18121,Parke County,2050,"14,576",872,"2,792",832,"3,817","3,268","2,995",444.66
18123,Perry County,2010,"19,338","1,152","3,440","1,125","5,068","5,618","2,935",381.73
18123,Perry County,2015,"19,322",977,"3,384","1,262","4,999","5,355","3,345",381.73
18123,Perry County,2020,"19,216","1,031","3,307","1,032","5,022","5,068","3,756",381.73
18123,Perry County,2025,"19,101","1,047","3,248","1,019","4,777","4,718","4,292",381.73
18123,Perry County,2030,"18,836",996,"3,165","1,064","4,546","4,391","4,674",381.73
18123,Perry County,2035,"18,449",960,"3,177",938,"4,414","4,288","4,672",381.73
18123,Perry County,2040,"18,022",923,"3,100","1,006","4,093","4,297","4,603",381.73
18123,Perry County,2045,"17,558",896,"2,970","1,037","4,097","4,048","4,510",381.73
18123,Perry County,2050,"17,124",897,"2,869",983,"4,119","3,841","4,415",381.73
18125,Pike County,2010,"12,845",768,"2,415",625,"2,978","3,884","2,175",334.24
18125,Pike County,2015,"12,476",691,"2,266",635,"2,809","3,681","2,394",334.24
18125,Pike County,2020,"12,259",665,"2,183",544,"2,689","3,522","2,656",334.24
18125,Pike County,2025,"12,159",714,"2,151",504,"2,595","3,261","2,934",334.24
18125,Pike County,2030,"11,977",683,"2,137",536,"2,490","2,986","3,145",334.24
18125,Pike County,2035,"11,715",653,"2,142",503,"2,390","2,886","3,141",334.24
18125,Pike County,2040,"11,425",635,"2,130",498,"2,257","2,783","3,122",334.24
18125,Pike County,2045,"11,094",622,"2,048",542,"2,220","2,675","2,987",334.24
18125,Pike County,2050,"10,794",635,"1,983",520,"2,252","2,571","2,833",334.24
18127,Porter County,2010,"164,343","9,792","34,841","10,518","42,020","46,809","20,363",418.15
18127,Porter County,2015,"167,631","9,213","33,313","11,001","42,424","46,739","24,941",418.15
18127,Porter County,2020,"171,945","9,548","32,240","10,735","43,617","45,542","30,263",418.15
18127,Porter County,2025,"177,680","10,017","32,294","10,787","44,501","44,267","35,814",418.15
18127,Porter County,2030,"182,536","10,113","33,194","10,455","44,752","44,504","39,518",418.15
18127,Porter County,2035,"186,239","10,202","34,387","10,246","44,698","45,457","41,249",418.15
18127,Porter County,2040,"189,232","10,152","34,973","10,951","44,041","46,746","42,369",418.15
18127,Porter County,2045,"191,607","10,149","35,028","11,431","44,327","47,424","43,248",418.15
18127,Porter County,2050,"193,875","10,245","35,020","11,449","44,856","47,719","44,586",418.15
18129,Posey County,2010,"25,910","1,476","5,324","1,434","5,857","8,088","3,731",409.57
18129,Posey County,2015,"25,490","1,458","4,870","1,468","5,732","7,761","4,201",409.57
18129,Posey County,2020,"25,053","1,434","4,696","1,243","5,821","7,021","4,838",409.57
18129,Posey County,2025,"24,566","1,395","4,619","1,068","5,752","6,185","5,547",409.57
18129,Posey County,2030,"23,874","1,299","4,498","1,035","5,458","5,623","5,961",409.57
18129,Posey County,2035,"22,984","1,186","4,311",996,"4,981","5,587","5,923",409.57
18129,Posey County,2040,"21,979","1,094","4,035",986,"4,487","5,635","5,742",409.57
18129,Posey County,2045,"20,953","1,046","3,713",967,"4,233","5,519","5,475",409.57
18129,Posey County,2050,"19,969",997,"3,451",898,"4,131","5,210","5,282",409.57
18131,Pulaski County,2010,"13,402",789,"2,775",622,"3,088","3,884","2,244",433.65
18131,Pulaski County,2015,"12,871",686,"2,530",724,"2,884","3,682","2,365",433.65
18131,Pulaski County,2020,"12,498",732,"2,307",561,"2,905","3,416","2,577",433.65
18131,Pulaski County,2025,"12,315",818,"2,242",455,"2,825","3,158","2,817",433.65
18131,Pulaski County,2030,"12,004",716,"2,313",445,"2,611","2,953","2,966",433.65
18131,Pulaski County,2035,"11,601",635,"2,348",404,"2,439","2,856","2,919",433.65
18131,Pulaski County,2040,"11,115",593,"2,235",444,"2,088","2,924","2,831",433.65
18131,Pulaski County,2045,"10,618",599,"2,009",503,"1,962","2,820","2,725",433.65
18131,Pulaski County,2050,"10,216",619,"1,894",446,"2,011","2,601","2,645",433.65
18133,Putnam County,2010,"37,963","1,945","7,797","3,426","9,381","10,283","5,131",480.53
18133,Putnam County,2015,"37,621","1,824","7,208","3,756","8,811","10,166","5,856",480.53
18133,Putnam County,2020,"37,486","1,802","6,769","3,467","9,010","9,879","6,559",480.53
18133,Putnam County,2025,"37,476","1,816","6,656","3,137","9,214","9,160","7,493",480.53
18133,Putnam County,2030,"37,497","1,829","6,550","3,149","9,229","8,406","8,334",480.53
18133,Putnam County,2035,"37,315","1,768","6,587","3,040","8,993","8,218","8,709",480.53
18133,Putnam County,2040,"37,032","1,724","6,571","3,068","8,575","8,461","8,633",480.53
18133,Putnam County,2045,"36,662","1,695","6,494","3,123","8,338","8,675","8,337",480.53
18133,Putnam County,2050,"36,265","1,685","6,342","3,169","8,313","8,703","8,053",480.53
18135,Randolph County,2010,"26,171","1,542","5,496","1,351","6,101","7,206","4,475",452.38
18135,Randolph County,2015,"25,133","1,514","4,962","1,363","5,578","6,932","4,784",452.38
18135,Randolph County,2020,"24,249","1,430","4,639","1,223","5,330","6,524","5,103",452.38
18135,Randolph County,2025,"23,607","1,373","4,493","1,099","5,108","5,992","5,542",452.38
18135,Randolph County,2030,"22,885","1,309","4,370","1,048","5,011","5,343","5,804",452.38
18135,Randolph County,2035,"22,078","1,262","4,187","1,054","4,788","5,066","5,721",452.38
18135,Randolph County,2040,"21,295","1,231","4,010","1,031","4,528","4,931","5,564",452.38
18135,Randolph County,2045,"20,511","1,175","3,869","1,000","4,363","4,733","5,371",452.38
18135,Randolph County,2050,"19,747","1,120","3,739",957,"4,267","4,634","5,030",452.38
18137,Ripley County,2010,"28,818","1,901","6,428","1,412","7,005","7,791","4,281",446.43
18137,Ripley County,2015,"28,699","1,622","6,015","1,702","6,503","7,839","5,018",446.43
18137,Ripley County,2020,"28,904","1,827","5,471","1,491","6,687","7,698","5,730",446.43
18137,Ripley County,2025,"29,768","2,134","5,417","1,317","6,860","7,507","6,533",446.43
18137,Ripley County,2030,"30,412","2,060","5,794","1,271","6,858","7,202","7,227",446.43
18137,Ripley County,2035,"30,824","1,951","6,319","1,118","6,833","6,983","7,620",446.43
18137,Ripley County,2040,"30,921","1,821","6,435","1,335","6,238","7,310","7,782",446.43
18137,Ripley County,2045,"30,892","1,840","6,103","1,577","6,040","7,470","7,862",446.43
18137,Ripley County,2050,"31,012","1,961","5,875","1,527","6,306","7,457","7,886",446.43
18139,Rush County,2010,"17,392","1,031","3,734",904,"4,063","4,919","2,741",408.12
18139,Rush County,2015,"16,725",971,"3,270",982,"3,745","4,801","2,956",408.12
18139,Rush County,2020,"16,252","1,026","2,997",793,"3,680","4,548","3,208",408.12
18139,Rush County,2025,"15,952","1,067","2,910",701,"3,592","4,071","3,611",408.12
18139,Rush County,2030,"15,548",960,"3,005",617,"3,426","3,630","3,910",408.12
18139,Rush County,2035,"14,966",838,"2,996",616,"3,134","3,438","3,944",408.12
18139,Rush County,2040,"14,293",778,"2,804",668,"2,778","3,416","3,849",408.12
18139,Rush County,2045,"13,601",768,"2,523",705,"2,669","3,322","3,614",408.12
18139,Rush County,2050,"12,990",772,"2,340",633,"2,673","3,177","3,395",408.12
18141,St. Joseph County,2010,"266,931","17,749","57,531","20,735","66,261","69,090","35,565",190.4
18141,St. Joseph County,2015,"268,134","17,538","55,731","20,759","66,539","68,342","39,225",190.4
18141,St. Joseph County,2020,"269,113","17,603","54,705","20,027","66,829","65,042","44,907",190.4
18141,St. Joseph County,2025,"270,839","17,666","54,434","19,726","66,407","61,539","51,067",190.4
18141,St. Joseph County,2030,"271,912","17,591","54,502","19,666","64,918","60,045","55,190",190.4
18141,St. Joseph County,2035,"272,055","17,386","54,849","19,437","63,046","60,647","56,690",190.4
18141,St. Joseph County,2040,"271,713","17,430","54,812","19,906","61,751","61,099","56,715",190.4
18141,St. Joseph County,2045,"271,195","17,344","54,728","20,253","61,629","60,908","56,333",190.4
18141,St. Joseph County,2050,"270,641","17,243","54,584","20,305","61,875","59,826","56,808",190.4
18143,Scott County,2010,"24,181","1,485","4,924","1,448","6,243","6,836","3,245",411.15
18143,Scott County,2015,"23,707","1,414","4,470","1,385","5,805","6,801","3,832",411.15
18143,Scott County,2020,"23,507","1,340","4,259","1,307","5,567","6,731","4,303",411.15
18143,Scott County,2025,"23,664","1,403","4,249","1,209","5,538","6,436","4,829",411.15
18143,Scott County,2030,"23,688","1,400","4,229","1,280","5,429","6,029","5,321",411.15
18143,Scott County,2035,"23,633","1,452","4,231","1,254","5,342","5,805","5,549",411.15
18143,Scott County,2040,"23,537","1,421","4,341","1,213","5,274","5,623","5,665",411.15
18143,Scott County,2045,"23,427","1,446","4,359","1,277","5,202","5,586","5,557",411.15
18143,Scott County,2050,"23,248","1,395","4,401","1,270","5,268","5,491","5,423",411.15
18145,Shelby County,2010,"44,436","2,718","9,215","2,480","10,878","12,957","6,188",396.74
18145,Shelby County,2015,"44,442","2,528","8,693","2,624","10,577","12,943","7,077",396.74
18145,Shelby County,2020,"44,600","2,620","8,298","2,369","10,609","12,542","8,162",396.74
18145,Shelby County,2025,"44,953","2,828","8,090","2,366","10,515","11,621","9,533",396.74
18145,Shelby County,2030,"45,039","2,730","8,168","2,337","10,470","10,637","10,697",396.74
18145,Shelby County,2035,"44,801","2,615","8,367","2,169","10,181","10,401","11,068",396.74
18145,Shelby County,2040,"44,244","2,419","8,338","2,290","9,673","10,432","11,092",396.74
18145,Shelby County,2045,"43,755","2,624","7,917","2,491","9,630","10,298","10,795",396.74
18145,Shelby County,2050,"43,247","2,594","7,812","2,408","9,739","10,264","10,430",396.74
18147,Spencer County,2010,"20,952","1,229","4,328",923,"4,878","6,449","3,145",457.85
18147,Spencer County,2015,"20,727","1,172","3,954","1,134","4,539","6,112","3,816",457.85
18147,Spencer County,2020,"20,564","1,130","3,793",845,"4,610","5,793","4,393",457.85
18147,Spencer County,2025,"20,517","1,191","3,739",766,"4,443","5,474","4,904",457.85
18147,Spencer County,2030,"20,236","1,075","3,754",775,"4,214","5,055","5,363",457.85
18147,Spencer County,2035,"19,724",950,"3,658",781,"4,097","4,797","5,441",457.85
18147,Spencer County,2040,"19,201",972,"3,453",772,"3,725","4,898","5,381",457.85
18147,Spencer County,2045,"18,582",912,"3,210",823,"3,654","4,702","5,281",457.85
18147,Spencer County,2050,"18,029",925,"3,043",742,"3,714","4,462","5,143",457.85
18149,Starke County,2010,"23,363","1,484","4,874","1,260","5,441","6,729","3,575",309.13
18149,Starke County,2015,"22,940","1,321","4,390","1,356","5,299","6,604","3,970",309.13
18149,Starke County,2020,"22,595","1,325","4,207","1,113","5,263","6,220","4,467",309.13
18149,Starke County,2025,"22,281","1,344","4,115","1,116","5,145","5,703","4,858",309.13
18149,Starke County,2030,"21,845","1,295","4,022","1,142","5,071","5,256","5,059",309.13
18149,Starke County,2035,"21,331","1,245","4,013","1,048","4,915","5,162","4,948",309.13
18149,Starke County,2040,"20,808","1,206","3,927","1,086","4,619","5,153","4,817",309.13
18149,Starke County,2045,"20,324","1,193","3,789","1,114","4,618","5,022","4,588",309.13
18149,Starke County,2050,"19,912","1,203","3,690","1,074","4,615","4,954","4,376",309.13
18151,Steuben County,2010,"34,185","1,888","7,193","2,356","7,815","9,843","5,090",308.94
18151,Steuben County,2015,"34,343","1,883","6,425","2,532","7,480","9,915","6,108",308.94
18151,Steuben County,2020,"34,453","1,956","6,139","2,198","7,263","9,564","7,333",308.94
18151,Steuben County,2025,"34,485","1,966","6,049","2,075","7,041","8,757","8,597",308.94
18151,Steuben County,2030,"34,162","1,811","6,181","1,905","6,758","8,022","9,485",308.94
18151,Steuben County,2035,"33,486","1,658","6,154","1,924","6,183","7,698","9,869",308.94
18151,Steuben County,2040,"32,565","1,595","5,863","2,052","5,735","7,423","9,897",308.94
18151,Steuben County,2045,"31,528","1,592","5,480","2,092","5,670","7,192","9,502",308.94
18151,Steuben County,2050,"30,506","1,593","5,245","1,953","5,677","6,927","9,111",308.94
18153,Sullivan County,2010,"21,475","1,155","4,020","1,305","5,808","6,001","3,186",447.14
18153,Sullivan County,2015,"20,927","1,147","3,552","1,361","5,709","5,678","3,480",447.14
18153,Sullivan County,2020,"20,579","1,121","3,448","1,172","5,653","5,429","3,756",447.14
18153,Sullivan County,2025,"20,304","1,088","3,501","1,123","5,435","5,140","4,017",447.14
18153,Sullivan County,2030,"19,910",992,"3,552","1,120","5,217","4,840","4,189",447.14
18153,Sullivan County,2035,"19,423",934,"3,430","1,190","4,981","4,776","4,112",447.14
18153,Sullivan County,2040,"18,952",923,"3,235","1,212","4,834","4,702","4,046",447.14
18153,Sullivan County,2045,"18,509",951,"3,053","1,188","4,904","4,489","3,924",447.14
18153,Sullivan County,2050,"18,120",957,"3,010","1,086","4,968","4,300","3,799",447.14
18155,Switzerland County,2010,"10,613",789,"2,220",547,"2,580","2,928","1,549",220.63
18155,Switzerland County,2015,"10,509",685,"2,167",562,"2,427","2,936","1,732",220.63
18155,Switzerland County,2020,"10,703",695,"2,204",515,"2,445","2,938","1,906",220.63
18155,Switzerland County,2025,"11,138",638,"2,349",535,"2,508","2,882","2,226",220.63
18155,Switzerland County,2030,"11,458",644,"2,311",624,"2,487","2,814","2,578",220.63
18155,Switzerland County,2035,"11,751",689,"2,284",614,"2,612","2,789","2,763",220.63
18155,Switzerland County,2040,"12,056",739,"2,262",660,"2,714","2,854","2,827",220.63
18155,Switzerland County,2045,"12,373",766,"2,373",605,"2,897","2,896","2,836",220.63
18155,Switzerland County,2050,"12,666",776,"2,507",610,"2,983","2,875","2,915",220.63
18157,Tippecanoe County,2010,"172,780","11,030","35,786","31,483","43,346","34,756","16,379",499.81
18157,Tippecanoe County,2015,"185,741","11,301","38,494","33,771","45,971","36,687","19,517",499.81
18157,Tippecanoe County,2020,"195,555","11,545","41,642","32,947","48,512","37,247","23,662",499.81
18157,Tippecanoe County,2025,"205,719","12,116","43,065","35,350","49,548","37,933","27,707",499.81
18157,Tippecanoe County,2030,"213,870","12,673","43,705","36,243","51,366","38,975","30,908",499.81
18157,Tippecanoe County,2035,"220,077","13,015","44,771","35,212","53,664","40,280","33,135",499.81
18157,Tippecanoe County,2040,"225,741","13,253","46,098","34,909","54,727","42,093","34,661",499.81
18157,Tippecanoe County,2045,"231,497","13,441","47,190","35,553","56,077","42,945","36,291",499.81
18157,Tippecanoe County,2050,"236,943","13,589","47,855","36,181","56,868","44,495","37,955",499.81
18159,Tipton County,2010,"15,936",822,"3,276",737,"3,657","4,706","2,738",260.54
18159,Tipton County,2015,"15,292",727,"2,879",864,"3,251","4,530","3,041",260.54
18159,Tipton County,2020,"14,769",739,"2,566",687,"3,175","4,252","3,350",260.54
18159,Tipton County,2025,"14,477",805,"2,387",599,"3,108","3,822","3,756",260.54
18159,Tipton County,2030,"14,080",730,"2,399",529,"3,005","3,361","4,056",260.54
18159,Tipton County,2035,"13,543",638,"2,406",487,"2,739","3,125","4,148",260.54
18159,Tipton County,2040,"12,918",579,"2,298",510,"2,323","3,134","4,074",260.54
18159,Tipton County,2045,"12,224",555,"2,057",563,"2,157","3,039","3,853",260.54
18159,Tipton County,2050,"11,592",566,"1,872",511,"2,117","2,933","3,593",260.54
18161,Union County,2010,"7,516",441,"1,672",355,"1,788","2,173","1,087",161.22
18161,Union County,2015,"7,195",363,"1,389",454,"1,581","2,139","1,269",161.22
18161,Union County,2020,"6,974",338,"1,223",336,"1,600","2,075","1,402",161.22
18161,Union County,2025,"6,940",385,"1,131",290,"1,605","1,991","1,538",161.22
18161,Union County,2030,"6,896",395,"1,151",259,"1,578","1,796","1,717",161.22
18161,Union County,2035,"6,762",345,"1,218",237,"1,522","1,633","1,807",161.22
18161,Union County,2040,"6,573",309,"1,225",250,"1,299","1,691","1,799",161.22
18161,Union County,2045,"6,351",306,"1,142",286,"1,196","1,687","1,734",161.22
18161,Union County,2050,"6,141",313,"1,046",294,"1,187","1,655","1,646",161.22
18163,Vanderburgh County,2010,"179,703","11,639","34,472","14,974","44,498","48,224","25,896",233.48
18163,Vanderburgh County,2015,"181,941","11,207","33,861","13,428","47,165","48,037","28,243",233.48
18163,Vanderburgh County,2020,"184,440","11,241","34,155","12,634","48,252","45,633","32,525",233.48
18163,Vanderburgh County,2025,"187,185","11,334","34,883","13,768","47,236","42,608","37,356",233.48
18163,Vanderburgh County,2030,"189,441","11,325","34,901","14,681","46,009","42,110","40,415",233.48
18163,Vanderburgh County,2035,"190,783","11,143","35,287","14,291","44,144","45,017","40,901",233.48
18163,Vanderburgh County,2040,"191,966","11,261","35,278","14,701","44,302","45,896","40,528",233.48
18163,Vanderburgh County,2045,"192,835","11,382","35,250","14,970","46,161","44,994","40,078",233.48
18163,Vanderburgh County,2050,"193,388","11,329","35,298","14,967","47,162","43,828","40,804",233.48
18165,Vermillion County,2010,"16,212",893,"3,235",782,"3,801","4,765","2,736",256.88
18165,Vermillion County,2015,"15,634",862,"2,944",849,"3,551","4,428","3,000",256.88
18165,Vermillion County,2020,"15,214",837,"2,769",773,"3,446","4,123","3,266",256.88
18165,Vermillion County,2025,"14,987",909,"2,689",701,"3,362","3,823","3,503",256.88
18165,Vermillion County,2030,"14,653",825,"2,734",668,"3,282","3,522","3,622",256.88
18165,Vermillion County,2035,"14,231",786,"2,690",675,"3,115","3,397","3,568",256.88
18165,Vermillion County,2040,"13,805",769,"2,633",663,"2,926","3,327","3,487",256.88
18165,Vermillion County,2045,"13,407",791,"2,486",724,"2,830","3,235","3,341",256.88
18165,Vermillion County,2050,"13,079",789,"2,448",660,"2,856","3,158","3,168",256.88
18167,Vigo County,2010,"107,848","6,305","21,258","10,799","27,482","27,493","14,511",403.31
18167,Vigo County,2015,"107,708","6,278","20,179","12,392","26,224","26,547","16,088",403.31
18167,Vigo County,2020,"107,795","6,150","20,093","10,769","27,520","25,241","18,022",403.31
18167,Vigo County,2025,"107,968","6,094","20,051","10,367","27,892","23,718","19,846",403.31
18167,Vigo County,2030,"107,777","5,946","20,118","10,095","27,740","23,060","20,818",403.31
18167,Vigo County,2035,"107,405","5,985","19,889","10,190","27,646","22,782","20,913",403.31
18167,Vigo County,2040,"106,795","5,886","19,792","10,117","26,390","24,057","20,553",403.31
18167,Vigo County,2045,"106,151","5,786","19,638","10,136","26,099","24,483","20,009",403.31
18167,Vigo County,2050,"105,564","5,704","19,577","9,980","25,961","24,435","19,907",403.31
18169,Wabash County,2010,"32,888","1,924","6,662","2,168","7,187","8,995","5,952",412.43
18169,Wabash County,2015,"32,075","1,672","6,230","2,233","6,905","8,661","6,374",412.43
18169,Wabash County,2020,"31,165","1,649","5,766","2,070","6,641","8,050","6,989",412.43
18169,Wabash County,2025,"30,448","1,821","5,514","1,885","6,412","7,221","7,595",412.43
18169,Wabash County,2030,"29,619","1,732","5,456","1,868","6,164","6,489","7,910",412.43
18169,Wabash County,2035,"28,743","1,665","5,552","1,675","5,826","6,201","7,824",412.43
18169,Wabash County,2040,"27,837","1,579","5,621","1,701","5,410","5,963","7,563",412.43
18169,Wabash County,2045,"26,897","1,546","5,378","1,915","5,143","5,762","7,153",412.43
18169,Wabash County,2050,"25,964","1,526","5,189","1,839","5,139","5,555","6,716",412.43
18171,Warren County,2010,"8,508",493,"1,706",410,"1,953","2,534","1,412",364.68
18171,Warren County,2015,"8,280",482,"1,499",442,"1,763","2,489","1,605",364.68
18171,Warren County,2020,"8,096",412,"1,464",327,"1,752","2,348","1,793",364.68
18171,Warren County,2025,"7,998",444,"1,407",308,"1,703","2,170","1,966",364.68
18171,Warren County,2030,"7,854",431,"1,401",291,"1,670","1,962","2,099",364.68
18171,Warren County,2035,"7,693",435,"1,367",314,"1,594","1,833","2,150",364.68
18171,Warren County,2040,"7,530",426,"1,389",281,"1,472","1,856","2,106",364.68
18171,Warren County,2045,"7,347",425,"1,369",309,"1,425","1,804","2,015",364.68
18171,Warren County,2050,"7,158",404,"1,361",300,"1,423","1,767","1,903",364.68
18173,Warrick County,2010,"59,689","3,821","13,017","2,638","14,707","17,548","7,958",384.82
18173,Warrick County,2015,"61,894","3,507","13,019","3,333","14,671","17,092","10,272",384.82
18173,Warrick County,2020,"63,818","3,698","12,743","2,957","15,250","17,036","12,134",384.82
18173,Warrick County,2025,"66,094","4,239","12,643","2,726","15,621","16,858","14,007",384.82
18173,Warrick County,2030,"67,958","4,224","13,086","2,787","15,735","16,594","15,532",384.82
18173,Warrick County,2035,"69,347","4,100","13,884","2,591","15,910","16,733","16,129",384.82
18173,Warrick County,2040,"70,261","3,971","14,288","2,768","14,909","17,600","16,725",384.82
18173,Warrick County,2045,"70,663","3,938","13,952","3,183","14,605","17,883","17,102",384.82
18173,Warrick County,2050,"71,157","4,054","13,615","3,178","15,074","17,892","17,344",384.82
18175,Washington County,2010,"28,262","1,696","6,174","1,512","7,032","8,021","3,827",513.73
18175,Washington County,2015,"27,721","1,611","5,452","1,612","6,589","8,018","4,439",513.73
18175,Washington County,2020,"27,640","1,704","5,153","1,389","6,527","7,821","5,046",513.73
18175,Washington County,2025,"27,846","1,659","5,294","1,327","6,390","7,404","5,772",513.73
18175,Washington County,2030,"27,853","1,587","5,486","1,261","6,339","6,847","6,333",513.73
18175,Washington County,2035,"27,657","1,554","5,530","1,312","6,036","6,721","6,504",513.73
18175,Washington County,2040,"27,418","1,573","5,359","1,469","5,706","6,793","6,518",513.73
18175,Washington County,2045,"27,193","1,599","5,258","1,447","5,811","6,641","6,437",513.73
18175,Washington County,2050,"26,997","1,608","5,273","1,382","5,939","6,580","6,215",513.73
18177,Wayne County,2010,"68,917","4,371","13,516","4,427","16,391","18,883","11,329",401.74
18177,Wayne County,2015,"66,984","3,881","12,727","4,383","15,474","18,298","12,221",401.74
18177,Wayne County,2020,"65,349","3,825","12,151","3,965","14,899","17,310","13,199",401.74
18177,Wayne County,2025,"64,579","4,158","11,987","3,857","14,275","16,049","14,253",401.74
18177,Wayne County,2030,"63,583","4,018","12,010","4,003","13,795","14,792","14,965",401.74
18177,Wayne County,2035,"62,536","3,970","12,242","3,721","13,397","14,246","14,960",401.74
18177,Wayne County,2040,"61,494","3,895","12,422","3,817","12,940","13,815","14,605",401.74
18177,Wayne County,2045,"60,504","3,929","12,157","4,203","12,915","13,245","14,055",401.74
18177,Wayne County,2050,"59,596","3,949","12,072","4,065","13,205","12,842","13,463",401.74
18179,Wells County,2010,"27,636","1,810","5,781","1,498","6,350","7,857","4,340",368.09
18179,Wells County,2015,"27,937","1,791","5,613","1,622","6,329","7,706","4,876",368.09
18179,Wells County,2020,"28,185","1,813","5,632","1,340","6,548","7,240","5,612",368.09
18179,Wells County,2025,"28,341","1,768","5,642","1,301","6,342","6,646","6,642",368.09
18179,Wells County,2030,"28,210","1,644","5,548","1,351","6,044","6,255","7,368",368.09
18179,Wells County,2035,"27,901","1,626","5,389","1,313","5,807","6,239","7,527",368.09
18179,Wells County,2040,"27,482","1,611","5,189","1,351","5,482","6,441","7,408",368.09
18179,Wells County,2045,"27,001","1,607","5,034","1,330","5,534","6,216","7,280",368.09
18179,Wells County,2050,"26,529","1,573","4,996","1,241","5,569","5,945","7,205",368.09
18181,White County,2010,"24,643","1,479","5,061","1,143","5,560","7,170","4,230",505.13
18181,White County,2015,"24,224","1,490","4,704","1,381","5,142","6,830","4,677",505.13
18181,White County,2020,"23,810","1,498","4,482","1,144","5,094","6,379","5,213",505.13
18181,White County,2025,"23,549","1,626","4,376",976,"4,874","5,846","5,851",505.13
18181,White County,2030,"23,105","1,457","4,560",880,"4,665","5,270","6,273",505.13
18181,White County,2035,"22,375","1,304","4,530",924,"4,325","5,041","6,251",505.13
18181,White County,2040,"21,501","1,234","4,321",947,"3,849","5,051","6,099",505.13
18181,White County,2045,"20,629","1,261","3,941","1,047","3,685","4,825","5,870",505.13
18181,White County,2050,"19,903","1,304","3,760",938,"3,762","4,619","5,520",505.13
18183,Whitley County,2010,"33,292","2,084","6,882","1,790","8,003","9,884","4,649",335.57
18183,Whitley County,2015,"33,395","1,986","6,501","1,923","7,899","9,630","5,456",335.57
18183,Whitley County,2020,"33,539","2,106","6,258","1,719","8,060","9,139","6,257",335.57
18183,Whitley County,2025,"34,037","2,097","6,310","1,603","8,225","8,492","7,310",335.57
18183,Whitley County,2030,"34,513","2,043","6,412","1,563","8,176","8,261","8,058",335.57
18183,Whitley County,2035,"34,785","1,943","6,503","1,531","7,864","8,509","8,435",335.57
18183,Whitley County,2040,"34,927","1,885","6,357","1,666","7,391","8,931","8,697",335.57
18183,Whitley County,2045,"34,963","1,893","6,133","1,692","7,313","9,185","8,747",335.57
18183,Whitley County,2050,"34,995","1,921","5,971","1,653","7,393","9,165","8,892",335.57